lambda_um,T_H2O
1.03,0.9999981866118322
1.05,0.9999997061060896
1.07,0.999992842902267
1.09,0.9999274493318279
1.11,0.9984045920910938
1.1300000000000001,0.9922904074044003
1.1500000000000001,0.9960611504550619
1.1700000000000002,0.999623382971208
1.1900000000000002,0.999801434109213
1.2100000000000002,0.9998778476855927
1.2300000000000002,0.9999739113698946
1.2500000000000002,0.9999988259829871
1.2700000000000002,0.9999963205477678
1.2900000000000003,0.9999651928309443
1.3100000000000003,0.9996909391433573
1.3300000000000003,0.9989790745672767
1.3500000000000003,0.9682209180073257
1.3700000000000003,0.926488903153054
1.3900000000000003,0.9271639333367362
1.4100000000000004,0.9604715086715686
1.4300000000000004,0.9879233675208866
1.4500000000000004,0.9932268645121682
1.4700000000000004,0.9945263411845285
1.4900000000000004,0.998043295766938
1.5100000000000005,0.9997504558610293
1.5300000000000005,0.999965528508774
1.5500000000000005,0.9999944506752055
1.5700000000000005,0.9999975870516682
1.5900000000000005,0.999997232678063
1.6100000000000005,0.9999984625399598
1.6300000000000006,0.9999984883910469
1.6500000000000006,0.9999954355306475
1.6700000000000006,0.9999917094889508
1.6900000000000006,0.9999794957629475
1.7100000000000006,0.9999513646832977
1.7300000000000006,0.9998462953283425
1.7500000000000007,0.9996652211064037
1.7700000000000007,0.999271329297503
1.7900000000000007,0.9968820937300001
1.8100000000000007,0.9773511434867898
1.8300000000000007,0.911091874155736
1.8500000000000008,0.903558195136017
1.8700000000000008,0.8993520990639837
1.8900000000000008,0.9478815804992096
1.9100000000000008,0.9230110514632683
1.9300000000000008,0.9550612645791953
1.9500000000000008,0.991572941463092
1.9700000000000009,0.9980042739382972
1.9900000000000009,0.9993321985037444
2.0100000000000007,0.9997146915587629
2.030000000000001,0.9999101840551148
2.0500000000000007,0.9999469936217208
2.070000000000001,0.9999589827044105
2.0900000000000007,0.9999703896270217
2.110000000000001,0.9999682687411363
2.130000000000001,0.9999808190475171
2.1500000000000012,0.9999782544918514
2.170000000000001,0.999960680245486
2.1900000000000013,0.9999315290001776
2.210000000000001,0.9999681606169909
2.2300000000000013,0.9999915640277925
2.250000000000001,0.9999965233873208
2.2700000000000014,0.9999947840036958
2.290000000000001,0.9999816340970228
2.3100000000000014,0.9999867903618204
2.330000000000001,0.9999320369661181
2.3500000000000014,0.99977662679775
2.370000000000001,0.9996292524327991
2.3900000000000015,0.9992256309655333
2.410000000000001,0.9979822188845473
2.4300000000000015,0.9975822166756592
2.450000000000001,0.9966136088760745
2.4700000000000015,0.9947691286084958
2.490000000000001,0.9884448926369984
2.5100000000000016,0.9760950052642818
2.530000000000001,0.9274101213529005
2.5500000000000016,0.8734735010979982
2.570000000000001,0.6972328095751277
2.5900000000000016,0.6134341115235146
2.610000000000001,0.616787380749544
2.6300000000000017,0.7336839676404876
2.6500000000000012,0.8042627876561917
2.6700000000000017,0.47318832692753826
2.6900000000000013,0.7294079740180387
2.7100000000000017,0.745804690773268
2.7300000000000013,0.6699198867487668
2.7500000000000018,0.7115239557247214
2.7700000000000014,0.7112355158981806
2.790000000000002,0.825011484899466
2.8100000000000014,0.8161943055669889
2.830000000000002,0.894107820067621
2.8500000000000014,0.9383306826138593
2.870000000000002,0.9646749229707139
2.8900000000000015,0.983675773246182
2.910000000000002,0.9720805022705932
2.9300000000000015,0.9844549736808079
2.950000000000002,0.9849149288385949
2.9700000000000015,0.9871356068339486
2.990000000000002,0.9930488374485752
3.0100000000000016,0.9937612236573412
3.030000000000002,0.9895930899270999
3.0500000000000016,0.9875639526634921
3.070000000000002,0.9922557172519672
3.0900000000000016,0.9874633451351035
3.110000000000002,0.9879690423685876
3.1300000000000017,0.9930104436460166
3.150000000000002,0.9946683247866989
3.1700000000000017,0.9995117820481422
3.190000000000002,0.9925141444118327
3.2100000000000017,0.9836313772532317
3.230000000000002,0.9876394470529775
3.2500000000000018,0.9933518682961621
3.2700000000000022,0.9872307759603095
3.290000000000002,0.9901262098883038
3.3100000000000023,0.9930346249618138
3.330000000000002,0.9950025365074633
3.3500000000000023,0.9966698321732547
3.370000000000002,0.9977689463703103
3.3900000000000023,0.9993178426109953
3.410000000000002,0.9992234654007585
3.4300000000000024,0.9999132708526038
3.450000000000002,0.9998419963202405
3.4700000000000024,0.9999660960752154
3.490000000000002,0.9999721876857508
3.5100000000000025,0.9999883097958029
3.530000000000002,0.99998347839951
3.5500000000000025,0.9999780280462626
3.570000000000002,0.9999973557084612
3.5900000000000025,0.9999906361359288
3.610000000000002,0.9999988716959659
3.6300000000000026,0.9999957353153329
3.650000000000002,0.9999963952767843
3.6700000000000026,0.9999985576892573
3.690000000000002,0.999999637799682
3.7100000000000026,0.9999981286861949
3.730000000000002,0.9999987878866899
3.7500000000000027,0.9999994934899649
3.7700000000000022,0.999999894284364
3.7900000000000027,0.9999996219183647
3.8100000000000023,0.9999993243154527
3.8300000000000027,0.9999996113597719
3.8500000000000023,0.9999997131372748
3.8700000000000028,0.9999997856860077
3.8900000000000023,0.9999993261507607
3.910000000000003,0.999999771589373
3.9300000000000024,0.9999995620719624
3.950000000000003,0.9999996117664045
3.9700000000000024,0.9999994068169831
3.990000000000003,0.9999994086655727
4.010000000000003,0.9999993290230322
4.030000000000003,0.9999990170387689
4.0500000000000025,0.9999988764530969
4.070000000000002,0.9999996251616082
4.090000000000003,0.9999995192271554
4.110000000000003,0.9999982726521122
4.130000000000003,0.9999991149796785
4.150000000000002,0.9999987101585329
4.1700000000000035,0.999998874624642
4.190000000000003,0.9999988746082538
4.210000000000003,0.9999974118141235
4.230000000000002,0.9999979699246401
4.2500000000000036,0.9999940632195888
4.270000000000003,0.9999927944871462
4.290000000000003,0.9999884094032436
4.310000000000002,0.9999778502751996
4.330000000000004,0.9999747113285258
4.350000000000003,0.9999675228149225
4.370000000000003,0.9999458811735551
4.390000000000002,0.9999146324251047
4.410000000000004,0.9999630497123349
4.430000000000003,0.9998358439120908
4.450000000000003,0.9998799931815174
4.470000000000002,0.9999375195559426
4.490000000000004,0.9999050673739703
4.510000000000003,0.9998980496704974
4.530000000000003,0.999663547405972
4.5500000000000025,0.9998855425887367
4.570000000000004,0.9997336810806086
4.590000000000003,0.9998685256576294
4.610000000000003,0.9998882027329122
4.630000000000003,0.9992313100315664
4.650000000000004,0.9995146567147809
4.6700000000000035,0.9987157964357504
4.690000000000003,0.9985395369840598
4.710000000000003,0.9996147716555439
4.730000000000004,0.9980083026392453
4.7500000000000036,0.999674842788236
4.770000000000003,0.9992825356677555
4.790000000000003,0.9941471418623222
4.810000000000004,0.9991383705729984
4.830000000000004,0.9985492697297432
4.850000000000003,0.9852175133050229
4.870000000000003,0.999886532105818
4.890000000000004,0.9867565016575149
4.910000000000004,0.9986775359211286
4.930000000000003,0.9983161748925797
4.950000000000003,0.9682391635854489
4.970000000000004,0.9978261898235814
4.990000000000004,0.9976251671682175
5.010000000000003,0.9774880300165685
5.030000000000003,0.9542672391097817
5.050000000000003,0.9994278025135443
5.070000000000004,0.9983355997700504
5.090000000000003,0.9513203943667161
5.110000000000003,0.9899579445918225
5.1300000000000034,0.9851270783403927
5.150000000000004,0.9127683871582807
5.1700000000000035,0.9946646778245648
5.190000000000003,0.9653672387726089
5.2100000000000035,0.873169467964036
5.230000000000004,0.9576305321417671
5.2500000000000036,0.9698150407288377
5.270000000000003,0.958063957472795
5.290000000000004,0.9132820715966982
5.310000000000004,0.9834620323370348
5.330000000000004,0.9928454035756424
5.350000000000003,0.7610489330903393
5.370000000000004,0.9820128900965229
5.390000000000004,0.9849846181281517
5.410000000000004,0.9111166127489899
5.430000000000003,0.8084213087658754
5.450000000000004,0.9417322107338987
5.470000000000004,0.7014359959309624
5.490000000000004,0.9634270774755
5.510000000000003,0.9485339067004943
5.530000000000004,0.8794011933524414
5.550000000000004,0.800368075037879
5.570000000000004,0.7468683088207506
5.590000000000003,0.8621008948440491
5.610000000000004,0.8195630089812792
5.630000000000004,0.8261921284367427
5.650000000000004,0.5765080478382086
5.6700000000000035,0.8151008056236904
5.690000000000004,0.8351359590570464
5.710000000000004,0.6259009018377176
5.730000000000004,0.6720838185306258
5.7500000000000036,0.7269026098517719
5.770000000000004,0.4958606620641226
5.7900000000000045,0.8940993415305378
5.810000000000004,0.7415119285817742
5.830000000000004,0.48132310348189233
5.850000000000004,0.8138349282338722
5.8700000000000045,0.52949903713562
5.890000000000004,0.3006001182578734
5.910000000000004,0.8164346377794284
5.930000000000004,0.48302093302211263
5.950000000000005,0.655509241550747
5.970000000000004,0.6706084520674453
5.990000000000004,0.5307462639419787
6.010000000000004,0.7421750391491722
6.030000000000005,0.9031555088855292
6.050000000000004,0.3096720428295586
6.070000000000004,0.42913531147052747
6.090000000000004,0.8886078821453658
6.110000000000005,0.4530248086634057
6.130000000000004,0.9326248858398126
6.150000000000004,0.6743174057426002
6.170000000000004,0.8050953233354242
6.190000000000005,0.6310924405179626
6.210000000000004,0.9070727142411178
6.230000000000004,0.8952179080465029
6.250000000000004,0.9655958956689766
6.270000000000005,0.9193303829775066
6.2900000000000045,0.9585640811244579
6.310000000000004,0.9828789180665629
6.3300000000000045,0.9053294418684944
6.350000000000005,0.5958650338305834
6.3700000000000045,0.6277735617234722
6.390000000000004,0.7856116872955073
6.410000000000005,0.270844543399497
6.430000000000005,0.49449261719872817
6.450000000000005,0.7338357479837493
6.470000000000004,0.5937861198481644
6.490000000000005,0.16585427343724699
6.510000000000005,0.6299664236740413
6.530000000000005,0.6686957978209513
6.550000000000004,0.47437044738937445
6.570000000000005,0.3181990788322566
6.590000000000005,0.5067494465616003
6.610000000000005,0.6792977427428818
6.630000000000004,0.2595848831917852
6.650000000000005,0.6162146467355465
6.670000000000005,0.6905903035515499
6.690000000000005,0.6867118966586935
6.710000000000004,0.5447072385378843
6.730000000000005,0.7576601892178028
6.750000000000005,0.8936592357748244
6.770000000000005,0.7527334712917005
6.7900000000000045,0.4326997576450253
6.810000000000005,0.9434494803022976
6.830000000000005,0.7082012133064284
6.850000000000005,0.6399199286347359
6.8700000000000045,0.46299079874983656
6.890000000000005,0.8999093446923206
6.9100000000000055,0.7881178460254437
6.930000000000005,0.981973652025173
6.950000000000005,0.8102636528758129
6.970000000000005,0.7205521041766968
6.9900000000000055,0.8073222796102193
7.010000000000005,0.9542358026200689
7.030000000000005,0.797108333951201
7.050000000000005,0.5229580530144644
7.070000000000006,0.9409367453376718
7.090000000000005,0.9324535703947879
7.110000000000005,0.847085427335843
7.130000000000005,0.9653837201293728
7.150000000000006,0.7148317132428466
7.170000000000005,0.6700909086560711
7.190000000000005,0.9689582240151698
7.210000000000005,0.7595382617619028
7.230000000000006,0.9893265136617602
7.250000000000005,0.9370064123548913
7.270000000000005,0.7749398385593427
7.290000000000005,0.9392523480103869
7.310000000000006,0.9202309768981585
7.330000000000005,0.8010959220336309
7.350000000000005,0.8908139378718304
7.370000000000005,0.9777291771980028
7.390000000000006,0.963888850123765
7.4100000000000055,0.9720114530833285
7.430000000000005,0.9968642316821777
7.4500000000000055,0.9521531519669452
7.470000000000006,0.7730214965848362
7.4900000000000055,0.9426546539289594
7.510000000000005,0.9937470408514198
7.530000000000006,0.9969924506513564
7.550000000000006,0.993239264002256
7.570000000000006,0.9643738479537185
7.590000000000005,0.902852532140878
7.610000000000006,0.9304766688293791
7.630000000000006,0.9949158117260678
7.650000000000006,0.9848175269340395
7.670000000000005,0.9990752612806844
7.690000000000006,0.9997949663012398
7.710000000000006,0.9919177660758015
7.730000000000006,0.9994776283919992
7.750000000000005,0.9900415933711576
7.770000000000006,0.9769517027453032
7.790000000000006,0.9981805687687744
7.810000000000006,0.9953255821856881
7.830000000000005,0.9996491030665207
7.850000000000006,0.9973190976450051
7.870000000000006,0.9633246596224391
7.890000000000006,0.9866805704120466
7.9100000000000055,0.9970083278521278
7.930000000000006,0.9768716863678437
7.950000000000006,0.9977594408416222
7.970000000000006,0.9997504041043425
7.9900000000000055,0.9996994372130475
8.010000000000005,0.9996372667932766
8.030000000000006,0.9928370026324288
8.050000000000006,0.9988194046314379
8.070000000000006,0.9990672050585825
8.090000000000007,0.9999366179226107
8.110000000000007,0.9999432524225697
8.130000000000006,0.9998537442457791
8.150000000000006,0.9987664697511526
8.170000000000005,0.9937578915927101
8.190000000000007,0.9997767243613013
8.210000000000006,0.9973710338804561
8.230000000000006,0.9997278374186768
8.250000000000007,0.9922765309440136
8.270000000000007,0.9998206852728757
8.290000000000006,0.9999461600193428
8.310000000000006,0.9999738932281956
8.330000000000005,0.9998904015437184
8.350000000000007,0.9969945780372116
8.370000000000006,0.9999361095847717
8.390000000000006,0.999966466271754
8.410000000000007,0.9997920574460251
8.430000000000007,0.9946800781337505
8.450000000000006,0.999908917442813
8.470000000000006,0.9998883495039853
8.490000000000006,0.9999220537166446
8.510000000000007,0.9927065942481436
8.530000000000006,0.9994578866516619
8.550000000000006,0.9999609847114249
8.570000000000007,0.9996538578364053
8.590000000000007,0.9991769675925823
8.610000000000007,0.9999846762567687
8.630000000000006,0.9999869956927183
8.650000000000006,0.9999887673758777
8.670000000000007,0.9993900981934747
8.690000000000007,0.9991232354188087
8.710000000000006,0.9996420325832146
8.730000000000008,0.9999883014766264
8.750000000000007,0.999970785717095
8.770000000000007,0.9999540677876417
8.790000000000006,0.9990918400817977
8.810000000000006,0.9966480389928883
8.830000000000007,0.9999678753179756
8.850000000000007,0.9999884126153233
8.870000000000006,0.9999912482484122
8.890000000000008,0.9999817989115279
8.910000000000007,0.9991153234252848
8.930000000000007,0.9996698641148651
8.950000000000006,0.9999394365373121
8.970000000000006,0.9999843385963116
8.990000000000007,0.9994089418101089
9.010000000000007,0.9999421222167744
9.030000000000006,0.9989040794259701
9.050000000000006,0.9999576903447741
9.070000000000007,0.9996582273840839
9.090000000000007,0.9995540403388751
9.110000000000007,0.9999858923670736
9.130000000000006,0.9999949723429774
9.150000000000007,0.9999791146910739
9.170000000000007,0.9995193028649678
9.190000000000007,0.9999852104646968
9.210000000000006,0.9999565380932012
9.230000000000008,0.9999967352942649
9.250000000000007,0.9999838915829127
9.270000000000007,0.9999966427394289
9.290000000000006,0.9999694604150049
9.310000000000008,0.9996023277480983
9.330000000000007,0.9999389417405162
9.350000000000007,0.9999928707934497
9.370000000000006,0.9991698056115985
9.390000000000008,0.9997076427409137
9.410000000000007,0.9999032388040645
9.430000000000007,0.9998718774674163
9.450000000000006,0.9999664865502689
9.470000000000008,0.9999299270083583
9.490000000000007,0.9999950587019881
9.510000000000007,0.9999180515195709
9.530000000000006,0.9999153482049616
9.550000000000008,0.9999973044883429
9.570000000000007,0.9999975637586633
9.590000000000007,0.9999549813174405
9.610000000000007,0.9999653494508935
9.630000000000008,0.999941143677943
9.650000000000007,0.9999974235453577
9.670000000000007,0.9999970357759185
9.690000000000007,0.9999654525304205
9.710000000000008,0.9998279456152624
9.730000000000008,0.9998715204000953
9.750000000000007,0.9999973540639293
9.770000000000007,0.9999985659178595
9.790000000000008,0.9999907121896405
9.810000000000008,0.9999828227132844
9.830000000000007,0.9998313236736379
9.850000000000007,0.9996413241352997
9.870000000000008,0.9999772728021551
9.890000000000008,0.9998607476512694
9.910000000000007,0.9998946589765774
9.930000000000007,0.9999865454870571
9.950000000000008,0.9999895059253855
9.970000000000008,0.9999746735984046
9.990000000000007,0.9999547512837148
10.010000000000007,0.9999478890662382
10.030000000000008,0.9999957347258317
10.050000000000008,0.9999926473589733
10.070000000000007,0.9999993174855127
10.090000000000007,0.9999942026059176
10.110000000000008,0.9999965586479971
10.130000000000008,0.9999992963763119
10.150000000000007,0.9999969133886387
10.170000000000007,0.9999835563489556
10.190000000000008,0.9999860267798395
10.210000000000008,0.9999948255077765
10.230000000000008,0.9999367208927399
10.250000000000007,0.99984628847335
10.270000000000008,0.9998853303955261
10.290000000000008,0.9999183574012731
10.310000000000008,0.999979781933846
10.330000000000007,0.9999943808702937
10.350000000000009,0.9999365553011449
10.370000000000008,0.99999848710708
10.390000000000008,0.9999926437972289
10.410000000000007,0.999974452605391
10.430000000000009,0.9999590147708153
10.450000000000008,0.9999959775738338
10.470000000000008,0.9998878123853916
10.490000000000007,0.9998777587906338
10.510000000000009,0.9999963076240177
10.530000000000008,0.9999841168019835
10.550000000000008,0.9995912213240653
10.570000000000007,0.9999838989767574
10.590000000000009,0.999952349284037
10.610000000000008,0.9999973692153168
10.630000000000008,0.9999555960876103
10.650000000000007,0.9999981388530176
10.670000000000009,0.9999905334589037
10.690000000000008,0.9999984835419722
10.710000000000008,0.9999992910577106
10.730000000000008,0.9999948207040003
10.750000000000009,0.9999971880989589
10.770000000000008,0.999966026194956
10.790000000000008,0.9999949070561144
10.810000000000008,0.9998027581502908
10.830000000000009,0.9999763181267673
10.850000000000009,0.9996057070824693
10.870000000000008,0.9999930042886936
10.890000000000008,0.9999305136300028
10.910000000000009,0.9999975898349075
10.930000000000009,0.9999864049569653
10.950000000000008,0.9999399786184748
10.970000000000008,0.9999904489683973
10.990000000000009,0.9998593598744073
11.010000000000009,0.9993643028843403
11.030000000000008,0.9998229078880816
11.050000000000008,0.9999847025650394
11.07000000000001,0.9999960582440368
11.090000000000009,0.9999984817099229
11.110000000000008,0.9999987334723114
11.130000000000008,0.9999738463594039
11.15000000000001,0.9999774147869908
11.170000000000009,0.9999952673772163
11.190000000000008,0.9999981591863982
11.210000000000008,0.9999500210268312
11.23000000000001,0.9999171094366607
11.250000000000009,0.9998239400887695
11.270000000000008,0.9995601578388023
11.290000000000008,0.9999829772145786
11.31000000000001,0.9997593270940188
11.330000000000009,0.9999290792170697
11.350000000000009,0.9999426640227143
11.370000000000008,0.999961723249629
11.39000000000001,0.9997189616366533
11.410000000000009,0.999989291398816
11.430000000000009,0.9999960669159352
11.450000000000008,0.9999933741145277
11.47000000000001,0.9995399477541823
11.490000000000009,0.9999379518375375
11.510000000000009,0.999994673649867
11.530000000000008,0.9999939996663593
11.55000000000001,0.9996406394402646
11.57000000000001,0.9998881905534518
11.590000000000009,0.9999944539679423
11.610000000000008,0.9999958191558616
11.63000000000001,0.999963818415702
11.65000000000001,0.9999112015579588
11.670000000000009,0.9999872588318914
11.690000000000008,0.9998224250093063
11.71000000000001,0.9991488494102335
11.73000000000001,0.9979805076383237
11.750000000000009,0.9999406485872014
11.770000000000008,0.9992762570139626
11.79000000000001,0.9999796334873415
11.81000000000001,0.9999923316225562
11.830000000000009,0.9999883663726186
11.850000000000009,0.9999953212878081
11.87000000000001,0.9999372445375851
11.89000000000001,0.9999101695942111
11.910000000000009,0.9992666470760055
11.930000000000009,0.9999837382460157
11.95000000000001,0.9999930326749146
11.97000000000001,0.9998997166160397
11.990000000000009,0.9999957461974776
12.010000000000009,0.9999958684757343
12.03000000000001,0.9999933610243704
12.05000000000001,0.9999920404079844
12.07000000000001,0.9998945471834078
12.090000000000009,0.9993991801425754
12.11000000000001,0.999823852868108
12.13000000000001,0.9999430675017393
12.15000000000001,0.9999887088857062
12.170000000000009,0.9999959341296912
12.19000000000001,0.9999962892610877
12.21000000000001,0.9999956496823169
12.23000000000001,0.9999934726965074
12.250000000000009,0.9999691232203773
12.27000000000001,0.9992500622809186
12.29000000000001,0.9992995809047045
12.31000000000001,0.9999801468060663
12.330000000000009,0.9999880877799028
12.35000000000001,0.9999782793462206
12.37000000000001,0.9990594907791495
12.39000000000001,0.9999070642217546
12.410000000000009,0.9998274131608145
12.43000000000001,0.9998857298243742
12.45000000000001,0.997205249517201
12.47000000000001,0.9999211736588183
12.490000000000009,0.9999230818025817
12.51000000000001,0.996763719830008
12.53000000000001,0.9946956979380095
12.55000000000001,0.9994295124423218
12.57000000000001,0.9950410578647069
12.59000000000001,0.9981627030208255
12.61000000000001,0.9998393521185585
12.63000000000001,0.9999203015506448
12.65000000000001,0.9999786096178702
12.67000000000001,0.9999813936811855
12.69000000000001,0.9999761723329604
12.71000000000001,0.9999580856239713
12.73000000000001,0.9997790243811306
12.75000000000001,0.995699097370029
12.77000000000001,0.9998747258136664
12.79000000000001,0.9999605875802574
12.81000000000001,0.9999574880306684
12.83000000000001,0.9989165200635954
12.85000000000001,0.9998717724285805
12.87000000000001,0.996809267503891
12.89000000000001,0.9983030721408326
12.91000000000001,0.9998790567725844
12.93000000000001,0.9999707148633554
12.95000000000001,0.9999758867297828
12.97000000000001,0.9999422768355345
12.99000000000001,0.9988965763311115
13.01000000000001,0.9994176108041753
13.03000000000001,0.9997114662399775
13.05000000000001,0.9999844763515515
13.070000000000011,0.9999910940862798
13.09000000000001,0.9999918088833087
13.11000000000001,0.9999907388344454
13.13000000000001,0.9999399274668903
13.150000000000011,0.999893430418782
13.17000000000001,0.9999847443189618
13.19000000000001,0.9999810888568728
13.21000000000001,0.9999569812930179
13.230000000000011,0.9991912828214223
13.25000000000001,0.9957325192783799
13.27000000000001,0.9984866194966264
13.29000000000001,0.9978825093052807
13.310000000000011,0.9998273382357807
13.33000000000001,0.9999428548870026
13.35000000000001,0.9995328380891897
13.37000000000001,0.9973242994638067
13.390000000000011,0.9999041726904558
13.41000000000001,0.9997026352514085
13.43000000000001,0.9877888056990901
13.45000000000001,0.9995693918997032
13.470000000000011,0.9973289806461
13.49000000000001,0.9991674320645821
13.51000000000001,0.9926459056997303
13.53000000000001,0.9998769297322546
13.550000000000011,0.9999556365825807
13.570000000000011,0.9999691128804912
13.59000000000001,0.9999741614953505
13.61000000000001,0.999937522285427
13.630000000000011,0.9999602836924258
13.650000000000011,0.9999137250770308
13.67000000000001,0.9988725828426591
13.69000000000001,0.9961482426882632
13.710000000000012,0.9956535443152308
13.730000000000011,0.9997708397470986
13.75000000000001,0.999940999463005
13.77000000000001,0.9999688621687085
13.790000000000012,0.9999735087134087
13.810000000000011,0.9999777901877575
13.83000000000001,0.9999745925624954
13.85000000000001,0.9998480409881481
13.870000000000012,0.999525104763841
13.890000000000011,0.9999678750938703
13.91000000000001,0.9994593651098834
13.93000000000001,0.9999215466389547
13.950000000000012,0.9999551492852985
13.970000000000011,0.9999190350052657
13.99000000000001,0.999744306490098
14.01000000000001,0.9909653533465413
14.030000000000012,0.9993707375155629
14.050000000000011,0.9998720154102319
14.070000000000011,0.9998640607272666
14.09000000000001,0.9998672518314418
14.110000000000012,0.9996812213315387
14.130000000000011,0.9903178983741978
14.150000000000011,0.9982340514241278
14.17000000000001,0.976888537342599
14.190000000000012,0.9960042081587854
14.210000000000012,0.9903731962572601
14.230000000000011,0.9996777308880318
14.25000000000001,0.9998392903880728
14.270000000000012,0.9998438560236045
14.290000000000012,0.999756270755275
14.310000000000011,0.9989745632871382
14.33000000000001,0.977307596618738
14.350000000000012,0.9949317310721218
14.370000000000012,0.9933041499940592
14.390000000000011,0.9986688917981738
14.41000000000001,0.9842957579741748
14.430000000000012,0.9978841086030884
14.450000000000012,0.9996764846682821
14.470000000000011,0.9994100296822142
14.49000000000001,0.9878383221007282
14.510000000000012,0.9665328237516677
14.530000000000012,0.9777530155613178
14.550000000000011,0.9957958066353355
14.570000000000011,0.9996321800994706
14.590000000000012,0.9998300384550343
14.610000000000012,0.9998986677744782
14.630000000000011,0.9999245912330426
14.650000000000011,0.9999255788191121
14.670000000000012,0.9999268152606119
14.690000000000012,0.9998771110252767
14.710000000000012,0.9996905670120527
14.730000000000011,0.9919013888358063
14.750000000000012,0.9995260396402077
14.770000000000012,0.9998726109039716
14.790000000000012,0.9998894839680984
14.810000000000011,0.9999214434785979
14.830000000000013,0.9997934392746951
14.850000000000012,0.9976895654808171
14.870000000000012,0.9995773397328392
14.890000000000011,0.9933834169993103
14.910000000000013,0.9990112755471421
14.930000000000012,0.9961800163401944
14.950000000000012,0.9764297646596684
14.970000000000011,0.9989578060836287
